ID,Gerencia,Iniciativa,Macroproyecto_Revisado,SubAgrupacion,Keywords,Aporte_Estrategico,Estado,Beneficios_Estimados,Description
1,Personas,Actualización de precios inmobiliario uf/m2,,Inteligencia de Mercado,"precios, inmobiliario, UF, m2, mercado",Táctico / Bajo Alineamiento,Existente,"Ingreso: $50,000","Integra IA para proporcionar actualizaciones precisas de precios inmobiliarios en UF/m2 en tiempo real, permitiendo una toma de decisiones informada y ágil en la gestión de activos, y optimizando así las inversiones y el bienestar financiero del personal."
2,Personas,Benchmarking de programas para usar en el área,,Benchmarking,"benchmarking, programas, herramientas, tecnología",Táctico / Bajo Alineamiento,Existente,"Ahorro: $30,000","Implementa un sistema de IA para realizar benchmarking de programas y herramientas tecnológicas en el área de Personas, permitiendo la identificación de mejores prácticas y tecnologías líderes que optimicen la gestión del talento, mejoren la productividad y fortalezcan la competitividad organizacional."
3,Personas,Agente de atención terceros (agentes externos y licitados) foco en personas,Plataforma 360° de Inteligencia de Cliente y Crecimiento,Atención al Cliente,"agente, atención, terceros, externos, licitados",Sistémico,Existente,"Ahorro: $120,000","Desarrolla un agente de atención potenciado por IA para gestionar eficazmente la comunicación con agentes externos y licitados, mejorando la satisfacción y retención de estos colaboradores, al tiempo que optimiza los procesos de soporte y resolución de consultas."
4,Personas,Generación de contenido (interno y externo) con mayor eficiencia y efectividad -> (sostenibilidad-reportes-información corporativa),Asistente Corporativo IA para el Talento y Desempeño,Comunicación Corporativa,"contenido, comunicación, eficiencia, sostenibilidad, reportes",Sistémico,Existente,"Ahorro: $80,000","Automatiza la creación de reportes de sostenibilidad y comunicación corporativa, mejorando la eficiencia y consistencia del contenido, lo que permite al equipo de Personas enfocarse en tareas estratégicas y aumentar la transparencia hacia stakeholders internos y externos."
5,Personas,Diversificación de voceros-identidades para comunicados,,Comunicación Corporativa,"voceros, identidades, comunicación, diversificación",Táctico / Bajo Alineamiento,Existente,"Ahorro: $25,000","Implementar IA para diversificar automáticamente los voceros e identidades en los comunicados internos, promoviendo la inclusión y representatividad, lo que fortalecerá la cultura organizacional y mejorará la moral del equipo."
6,Personas,Respuestas a elementos técnicos-sostenibilidad a preguntas,Plataforma 360° de Inteligencia de Cliente y Crecimiento,Comunicación Corporativa,"respuestas, técnico, sostenibilidad, comunicación",Sistémico,Existente,"Ahorro: $45,000","Implementa una IA que provea respuestas rápidas y precisas a preguntas técnicas sobre sostenibilidad, mejorando la comunicación interna y el conocimiento del personal, al tiempo que se promueve una cultura de responsabilidad ambiental en toda la empresa."
7,Personas,Consolidación/sistematización/monitoreo Huella de carbono,,Sostenibilidad,"huella de carbono, consolidación, monitoreo, sostenibilidad",Individual,Existente,"Ahorro: $90,000","Implementar un sistema inteligente para consolidar, sistematizar y monitorear la huella de carbono, ayudando a reducir el impacto ambiental y mejorar la sostenibilidad, al tiempo que se fortalece la imagen corporativa y se promueve una cultura de responsabilidad entre los empleados."
8,Personas,monitorear tendencias y temáticas externas,,Inteligencia de Mercado,"tendencias, temáticas, monitoreo, mercado",Táctico / Bajo Alineamiento,Existente,"Ingreso: $40,000","Implementa un sistema de monitoreo de tendencias y temáticas externas que permita anticipar cambios en el mercado laboral, alineando las estrategias de formación y desarrollo del talento para mejorar la competitividad y la adaptabilidad de la fuerza laboral."
9,Personas,Agente apoyo reclutamiento,Asistente Corporativo IA para el Talento y Desempeño,Gestión de Talento,"reclutamiento, apoyo, agente, talento",Sistémico,Existente,"Ahorro: $150,000","Implementa un agente de IA para el apoyo en el reclutamiento, agilizando la selección de candidatos y mejorando la eficiencia del proceso, permitiendo atraer y retener el mejor talento de forma más efectiva y oportuna."
10,Personas,Automatizar procesos equipo de Personas-información (hh+),Centro de Automatización Inteligente (Back-Office Eficiente),Automatización de Procesos RH,"automatización, procesos, personas, información, HH",Sistémico,Existente,"Ahorro: $180,000","Automatiza la gestión de datos y procesos operativos del área de Personas para aumentar la eficiencia administrativa y reducir errores humanos, permitiendo al equipo focalizarse en tareas estratégicas y mejorando la precisión en la administración del recurso humano."
11,Personas,Integración de info de colaboradores (gustos-insight-perfiles-predictor),Asistente Corporativo IA para el Talento y Desempeño,Gestión de Talento,"integración, información, colaboradores, perfiles, predictor",Sistémico,Existente,"Ingreso: $75,000","Centraliza y analiza la información de colaboradores para obtener insights predictivos sobre gustos y perfiles, con el fin de mejorar la retención de talento y personalizar el desarrollo profesional, incrementando así la satisfacción y productividad del equipo."
12,Personas,Paneles y métricas con Agente IA -> con foco a personas,Asistente Corporativo IA para el Talento y Desempeño,Reporting y Paneles,"paneles, métricas, agente IA, personas, reporting",Sistémico,Existente,"Ahorro: $110,000","Implementa paneles y métricas inteligentes asistidos por un agente IA para monitorear el desempeño y bienestar del personal en tiempo real, permitiendo decisiones basadas en datos y mejorando la satisfacción de los empleados."
13,Personas,Descripciones de cargo (agente para la gestión)->preparación y gobierno,Asistente Corporativo IA para el Talento y Desempeño,Gestión de Talento,"descripciones de cargo, gestión, gobierno, talento",Sistémico,Existente,"Ahorro: $95,000","Automatiza la redacción y actualización de descripciones de cargo mediante IA, asegurando coherencia y alineación con los objetivos de la empresa, lo que mejora la gestión del talento y facilita un gobierno interno más eficiente."
14,Personas,Actualización de política de compensaciones-competitiva/mercados/distorsiones/necesidades,Asistente Corporativo IA para el Talento y Desempeño,Políticas y Procesos RH,"política, compensaciones, mercado, competitividad",Sistémico,Existente,"Ahorro: $130,000","Implementa una política de compensaciones actualizada y basada en datos de mercado para atraer y retener talento, asegurando que nuestros paquetes salariales sean competitivos y alineados con las necesidades de nuestros empleados, reduciendo distorsiones y mejorando la satisfacción laboral."
15,Operaciones,Rezago de Planta,Torre de Control y Logística Predictiva (Gemelo Digital),Gestión de Planta,"rezago, planta, optimización, logística",Sistémico,Existente,"Ahorro: $250,000","Implementa un sistema de inteligencia artificial para identificar y minimizar los rezagos de planta, mejorando la eficiencia operativa y reduciendo costos asociados a la acumulación de inventario y retrasos en despacho, asegurando una cadena logística más ágil y confiable."
16,Operaciones,Ruteo Optimo (primera y ultima),Torre de Control y Logística Predictiva (Gemelo Digital),Optimización de Rutas,"ruteo, optimo, primera milla, ultima milla, logística",Sistémico,Existente,"Ahorro: $500,000","Implementar algoritmos avanzados de ruteo óptimo para la primera y última milla, permite reducir costos operativos y mejorar significativamente los tiempos de entrega, impulsando la eficiencia y satisfacción del cliente con un servicio más rápido y confiable."
17,Operaciones,Control Asistencia Diario en Planta,Torre de Control y Logística Predictiva (Gemelo Digital),Gestión de Planta,"control, asistencia, diario, planta, personal",Sistémico,Existente,"Ahorro: $120,000","Implementa un sistema de IA para automatizar el control de asistencia diaria del personal en planta, mejorando la precisión y reduciendo el tiempo administrativo, lo que resultará en una mayor eficiencia operativa y una gestión óptima de los recursos humanos."
18,Operaciones,Proyección de demanda – ruta troncal,Torre de Control y Logística Predictiva (Gemelo Digital),Análisis Predictivo,"proyección, demanda, ruta troncal, forecasting",Sistémico,Existente,"Ingreso: $300,000","Mejora la precisión en la proyección de demanda en las rutas troncales, permitiendo una asignación óptima de recursos y capacidad, reduciendo costos operativos e incrementando la puntualidad y satisfacción del cliente."
19,Operaciones,Mantenimiento preventivo,Torre de Control y Logística Predictiva (Gemelo Digital),Mantenimiento Predictivo,"mantenimiento, preventivo, predictivo, flota",Sistémico,Existente,"Ahorro: $400,000","Implementación de mantenimiento preventivo mediante IA para anticipar y prevenir fallas en la flota, aumentando la disponibilidad de los vehículos y reduciendo costos de reparación inesperados, lo que mejorará la eficiencia operativa y la continuidad del servicio."
20,Operaciones,Control de proceso y desviaciones-,Torre de Control y Logística Predictiva (Gemelo Digital),Control y Monitoreo,"control de proceso, desviaciones, calidad, operaciones",Sistémico,Existente,"Ahorro: $220,000","Implementa un sistema de IA para monitorear en tiempo real los procesos operativos y detectar desviaciones, garantizando la calidad del servicio y minimizando riesgos, lo que resulta en una mayor eficiencia y confianza del cliente."
21,Operaciones,Predecir demanda de clientes por tipo carga,Torre de Control y Logística Predictiva (Gemelo Digital),Análisis Predictivo,"predecir, demanda, clientes, tipo de carga, forecasting",Sistémico,Existente,"Ingreso: $280,000","Implementa una solución de IA para predecir la demanda de clientes por tipo de carga, permitiendo una mejor planificación y asignación de recursos. Esto reducirá costos operativos y mejorará la capacidad de respuesta ante fluctuaciones del mercado."
22,Operaciones,Errores y controles de pago a proveedor de transporte,Centro de Automatización Inteligente (Back-Office Eficiente),Operaciones Administrativas,"errores, control, pago, proveedor, transporte, automatización",Sistémico,Existente,"Ahorro: $170,000","Automatiza la detección y corrección de errores en los pagos a proveedores de transporte, mejorando la precisión en los desembolsos y reduciendo costos por discrepancias, lo que incrementa la eficiencia operativa y fortalece las relaciones comerciales."
23,Operaciones,Asignación y reasignación de folios,Torre de Control y Logística Predictiva (Gemelo Digital),Gestión de Planta,"asignación, reasignación, folios, logística",Sistémico,Existente,"Ahorro: $90,000","Automatiza y optimiza la asignación y reasignación de folios para mejorar la precisión y velocidad en la gestión de entregas, reduciendo tiempos de procesamiento y minimizando errores operativos, lo que se traduce en un servicio más eficiente y confiable para los clientes."
24,Operaciones,Alerta por capacidad de vehículos,Torre de Control y Logística Predictiva (Gemelo Digital),Control y Monitoreo,"alerta, capacidad, vehículos, flota, monitoreo",Sistémico,Existente,"Ahorro: $150,000","Implementa un sistema de alertas inteligentes para el monitoreo de la capacidad de la flota en tiempo real, permitiendo una asignación más eficiente de recursos y mejorando el aprovechamiento de los vehículos, lo que resulta en una operación más ágil y rentable."
25,Operaciones,Alerta cumplimiento prex,Torre de Control y Logística Predictiva (Gemelo Digital),Control y Monitoreo,"alerta, cumplimiento, prex, monitoreo, SLA",Sistémico,Existente,"Ahorro: $180,000","Implementar alertas automáticas para monitorear el cumplimiento de los SLA en tiempo real, permitiendo una rápida intervención ante desvíos y mejorando el desempeño operativo, asegurando así la satisfacción del cliente y el cumplimiento de los compromisos de entrega."
26,Operaciones,Cuadratura q piezas online vs retiro,Torre de Control y Logística Predictiva (Gemelo Digital),Control y Monitoreo,"cuadratura, piezas, online, retiro, control",Sistémico,Existente,"Ahorro: $130,000","Implementa una solución de IA para cuadrar en tiempo real las piezas registradas en línea contra las piezas efectivamente retiradas, minimizando discrepancias y mejorando la precisión del inventario, lo cual incrementa la eficiencia operativa y la satisfacción del cliente."
27,Operaciones,Pruebas de entrega y retiro,Torre de Control y Logística Predictiva (Gemelo Digital),Control y Monitoreo,"pruebas, entrega, retiro, calidad, POD",Sistémico,Existente,"Ahorro: $70,000","Implementa pruebas automatizadas de entrega y retiro mediante IA para asegurar una alta calidad en el proceso y validar la prueba de entrega (POD), mejorando la precisión operativa y la satisfacción del cliente."
28,Operaciones,Automatizar Relacionamiento con prospectos de flota,Plataforma 360° de Inteligencia de Cliente y Crecimiento,Ventas y Prospección,"automatizar, relacionamiento, prospectos, flota, comercial",Sistémico,Existente,"Ingreso: $200,000","Implementa un sistema de IA para automatizar la gestión y el seguimiento de prospectos de flota, mejorando la eficiencia en la adquisición de clientes y permitiendo un enfoque más estratégico en las negociaciones comerciales. Esto resultará en un aumento en la tasa de conversión y optimización del tiempo del equipo de ventas."
29,Operaciones,Detección hurtos y robos en planta,Torre de Control y Logística Predictiva (Gemelo Digital),Seguridad,"detección, hurtos, robos, planta, seguridad",Sistémico,Existente,"Ahorro: $300,000","Implementa inteligencia artificial para identificar y prevenir hurtos y robos en planta, mejorando la seguridad operativa y minimizando pérdidas financieras, lo que a su vez incrementa la confianza y protección de nuestro capital humano y material."
30,Operaciones,Visualización avance troncales,Torre de Control y Logística Predictiva (Gemelo Digital),Control y Monitoreo,"visualización, avance, troncales, monitoreo, logística",Sistémico,Existente,"Ahorro: $80,000","Implementa una herramienta de visualización en tiempo real del avance de troncales para mejorar el monitoreo y la toma de decisiones, incrementando la transparencia operativa y la capacidad de respuesta ante incidencias."
31,Operaciones,Control de piezas que viajan en camión,Torre de Control y Logística Predictiva (Gemelo Digital),Control y Monitoreo,"control, piezas, camión, inventario, logística",Sistémico,Existente,"Ahorro: $160,000","Implementa un sistema de IA para monitorear y rastrear en tiempo real las piezas durante su transporte en camiones, mejorando la precisión del inventario y reduciendo pérdidas, lo que incrementa la eficiencia operativa y la satisfacción del cliente."
32,Operaciones,Inventario Planta de piezas por cortes horarios y etapas de proceso,Torre de Control y Logística Predictiva (Gemelo Digital),Gestión de Planta,"inventario, planta, piezas, proceso, control",Sistémico,Existente,"Ahorro: $190,000","Monitorea y controla el inventario en tiempo real por cortes horarios y etapas del proceso en planta, asegurando una óptima gestión de piezas y reduciendo tiempos de espera y errores operativos. Esto mejorará la eficiencia y la disponibilidad de recursos, impactando positivamente en la productividad y la satisfacción del cliente."
33,Operaciones,Cuadratura de Retiros,Torre de Control y Logística Predictiva (Gemelo Digital),Control y Monitoreo,"cuadratura, retiros, control, logística",Sistémico,Existente,"Ahorro: $140,000","Implementa un sistema de IA para la cuadratura de retiros que garantice precisión y trazabilidad en tiempo real, reduciendo errores operativos y mejorando el control logístico, asegurando así una gestión eficiente y confiable de nuestras operaciones de retiro."
34,Operaciones,"Primera milla, asignación de folios en base a criterios",Torre de Control y Logística Predictiva (Gemelo Digital),Optimización de Rutas,"primera milla, asignación, folios, criterios, ruteo",Sistémico,Existente,"Ahorro: $210,000","Automatiza la asignación de folios en la primera milla utilizando criterios específicos para optimizar el ruteo y mejorar la eficiencia operativa, asegurando una gestión de recursos más ágil y precisa desde el inicio del proceso logístico."
35,Operaciones,FTE en recepción y transferencias-recepciones masivas,Torre de Control y Logística Predictiva (Gemelo Digital),Gestión de Planta,"FTE, recepción, transferencias, masivas, eficiencia",Sistémico,Existente,"Ahorro: $180,000","Automatiza la gestión de recepción y transferencias masivas para distribuir eficientemente la carga laboral de los empleados de tiempo completo (FTE), mejorando la precisión y rapidez en el procesamiento de paquetes y optimizando los recursos humanos disponibles."
36,Operaciones,Carga al sorter-tasa de error aprox 10%--supervisor de inducción,Torre de Control y Logística Predictiva (Gemelo Digital),Gestión de Planta,"carga, sorter, error, supervisor, inducción",Sistémico,Existente,"Ahorro: $230,000","Implementación de un supervisor de inducción con IA para reducir la tasa de error en la carga al sorter del 10% al mínimo, mejorando significativamente la precisión y la eficiencia operativa, y optimizando el flujo de trabajo en el centro de distribución."
37,Operaciones,Ordenamiento de Carga en furgón,Torre de Control y Logística Predictiva (Gemelo Digital),Optimización de Rutas,"ordenamiento, carga, furgón, optimización, logística",Sistémico,Existente,"Ahorro: $170,000","Implementa un sistema de IA para el ordenamiento de carga en furgones, mejorando la utilización del espacio y reduciendo tiempos de carga y descarga. Esta optimización se traduce en una mayor eficiencia operativa y una mejor experiencia del cliente a través de tiempos de entrega más ágiles."
38,Operaciones,Salud de sistemas-alertas de C.Op.,Torre de Control y Logística Predictiva (Gemelo Digital),Control y Monitoreo,"salud, sistemas, alertas, control operacional, monitoreo",Sistémico,Existente,"Ahorro: $200,000","Implementa un sistema de alertas inteligentes para monitorear en tiempo real la salud de los sistemas operativos críticos, permitiendo una detección proactiva de fallos y disminuyendo el tiempo de inactividad, lo cual mejora la continuidad operacional y la eficiencia general del proceso logístico."
39,Operaciones,Auditor de Procesos Críticos,Torre de Control y Logística Predictiva (Gemelo Digital),Control y Monitoreo,"auditor, procesos, críticos, calidad, control",Sistémico,Existente,"Ahorro: $150,000","Implementa una auditoría inteligente de procesos críticos para asegurar la máxima calidad y eficiencia operativa, disminuyendo errores y mejorando la consistencia en la entrega de servicios. Esto fortalecerá el control interno y optimizará los recursos dedicados a gestión de calidad."
40,Operaciones,Cuadratura piezas valoradas-monitor y control.,Torre de Control y Logística Predictiva (Gemelo Digital),Control y Monitoreo,"cuadratura, piezas, valoradas, monitor, control",Sistémico,Existente,"Ahorro: $180,000","Implementa un sistema de monitoreo y control en tiempo real para piezas valoradas, garantizando la cuadratura y rastreo preciso, lo que maximiza la seguridad y reduce pérdidas, mejorando la confianza del cliente y la eficiencia operativa."
41,Marketing,Aut. Predicción clientes churn,Plataforma 360° de Inteligencia de Cliente y Crecimiento,Fidelización y Churn,"predicción, clientes, churn, retención, automatización",Sistémico,Existente,"Ahorro: $350,000","Implementa un sistema automatizado de predicción de churn que permita identificar clientes en riesgo de abandonar, habilitando campañas de retención más precisas y oportunas, optimizando así los recursos de marketing y aumentando la lealtad del cliente."
42,Marketing,Pricing-conocimiento elasticidades (modelo),Plataforma 360° de Inteligencia de Cliente y Crecimiento,Pricing,"pricing, elasticidades, modelo, precios",Individual,Existente,"Ingreso: $450,000","Implementa un modelo de IA para analizar las elasticidades de precios, permitiendo ajustar las tarifas de manera precisa en función de la demanda y la competitividad. Esta iniciativa incrementará la rentabilidad y optimizará la captación de clientes."
43,Marketing,Agente proactivo seguimiento encomienda,Plataforma 360° de Inteligencia de Cliente y Crecimiento,Atención al Cliente,"agente, proactivo, seguimiento, encomienda, cliente",Sistémico,Existente,"Ingreso: $100,000","Implementa un agente de IA proactivo para el seguimiento de encomiendas, proporcionando actualizaciones en tiempo real y resolución anticipada de problemas, mejorando la experiencia del cliente y fortaleciendo la fidelidad a la marca."
44,Marketing,Predicción de abandono,Plataforma 360° de Inteligencia de Cliente y Crecimiento,Fidelización y Churn,"predicción, abandono, retención, cliente",Sistémico,Existente,"Ahorro: $200,000","Utiliza inteligencia artificial para predecir el abandono de clientes, permitiendo implementar estrategias de retención proactivas, mejorando la lealtad del cliente y reduciendo la pérdida de ingresos."
45,Marketing,Modelo de Fidelización y + venta (patrones),Plataforma 360° de Inteligencia de Cliente y Crecimiento,Fidelización y Churn,"modelo, fidelización, venta cruzada, patrones, cliente",Sistémico,Existente,"Ingreso: $400,000","Implementa un modelo de fidelización que identifica patrones de comportamiento del cliente para aumentar la retención y potenciar las ventas cruzadas, maximizando el valor de vida del cliente y mejorando la eficacia de las campañas de marketing."
46,Marketing,Voz del cliente,Plataforma 360° de Inteligencia de Cliente y Crecimiento,Atención al Cliente,"voz del cliente, feedback, satisfacción",Sistémico,Existente,"Ingreso: $80,000","Implementa un sistema de IA para analizar automáticamente el feedback de los clientes, permitiéndonos identificar tendencias, mejorar los servicios y aumentar la satisfacción del cliente, lo que impulsa la lealtad y optimiza las estrategias de marketing."
47,Marketing,Gestión de contractibilidad,Plataforma 360° de Inteligencia de Cliente y Crecimiento,Atención al Cliente,"gestión, contactibilidad, cliente, comunicación",Sistémico,Existente,"Ahorro: $70,000","Implementación de un sistema de IA para gestionar la contactabilidad con los clientes, mejorando la comunicación personalizada y aumentando la tasa de respuesta, lo que fortalecerá la relación con el cliente y optimizará las campañas de marketing."
48,Marketing,Diseño Journey fidelización,Plataforma 360° de Inteligencia de Cliente y Crecimiento,Fidelización y Churn,"diseño, journey, fidelización, cliente, experiencia",Sistémico,Existente,"Ingreso: $150,000","Diseña un journey de fidelización apoyado en IA para personalizar las interacciones con los clientes, incrementando su lealtad y optimizando la experiencia de usuario, lo que resultará en mayores tasas de retención y crecimiento de ingresos sostenibles."
49,Marketing,Control Imagen sucursales,,Control y Monitoreo,"control, imagen, sucursales, branding",Táctico / Bajo Alineamiento,Existente,"Ahorro: $40,000","Implementa un sistema de IA para monitorear y analizar en tiempo real la imagen y el branding de nuestras sucursales, asegurando la consistencia de la marca y mejorando la experiencia del cliente, lo que se traduce en mayor fidelización y retención."
50,Marketing,Coach de ventas,Asistente Corporativo IA para el Talento y Desempeño,Capacitación y Desempeño,"coach, ventas, capacitación, desempeño, equipo",Sistémico,Existente,"Ingreso: $250,000","Implementa un coach de ventas basado en IA para capacitar y apoyar a los equipos comerciales en tiempo real, elevando su desempeño y mejorando las tasas de conversión, lo que resultará en un aumento significativo de ingresos y una ventaja competitiva en el mercado."
51,Marketing,Canal de formación/capacitación,Asistente Corporativo IA para el Talento y Desempeño,Capacitación y Desempeño,"canal, formación, capacitación, talento",Sistémico,Existente,"Ahorro: $100,000","Implementa un canal de formación y capacitación para el equipo de marketing que potenciará el talento interno, permitiendo una mejor comprensión de las tendencias del mercado y estrategias innovadoras que resultarán en campañas más efectivas y medibles."
52,Marketing,Asistente de venta (al cliente),Plataforma 360° de Inteligencia de Cliente y Crecimiento,Ventas y Prospección,"asistente, venta, cliente, canal digital",Sistémico,Existente,"Ingreso: $300,000","Implementa un asistente de venta impulsado por IA en canales digitales para personalizar la atención al cliente, mejorando la experiencia del usuario y aumentando la tasa de conversión, lo que impacta directamente en el crecimiento de ventas y la fidelización de clientes."
53,Marketing,Predicción de quiebres canales digitales,Torre de Control y Logística Predictiva (Gemelo Digital),Control y Monitoreo,"predicción, quiebres, canales digitales, monitoreo",Sistémico,Existente,"Ahorro: $180,000","Implementa una solución de IA para prever quiebres en los canales digitales basada en el análisis de comportamiento del cliente y patrones históricos, mejorando significativamente la capacidad de respuesta y la experiencia del usuario, además de optimizar la asignación de recursos y los planes de contingencia."
54,Marketing,Optimización ux por patrón,Plataforma 360° de Inteligencia de Cliente y Crecimiento,Personalización,"optimización, UX, patrón, experiencia de usuario",Sistémico,Existente,"Ingreso: $220,000","Mejora la experiencia de usuario adaptando la interfaz y las interacciones según patrones de comportamiento, incrementando la satisfacción del cliente y potencialmente aumentando las tasas de conversión y fidelización."
55,Marketing,Pruebas de QA Automatizadas,Centro de Automatización Inteligente (Back-Office Eficiente),QA y Control,"pruebas, QA, automatizadas, calidad, software",Sistémico,Existente,"Ahorro: $160,000","Implementa pruebas de QA automatizadas para asegurar la calidad del software, reduciendo el tiempo de lanzamiento y mejorando la confiabilidad de nuestras aplicaciones, lo que fortalece la experiencia del cliente y la imagen de la marca en el mercado."
56,Marketing,Monitoreo de métricas de canales digitales,Plataforma 360° de Inteligencia de Cliente y Crecimiento,Reporting y Paneles,"monitoreo, métricas, canales digitales, reporting",Sistémico,Existente,"Ingreso: $120,000","Automatiza el monitoreo y reporting de métricas de canales digitales para identificar tendencias y oportunidades de mejora en tiempo real, incrementando la efectividad de las campañas de marketing y optimizando la asignación de recursos."
57,Marketing,Hiperpersonalización de contenidos,Plataforma 360° de Inteligencia de Cliente y Crecimiento,Personalización,"hiperpersonalización, contenidos, marketing, cliente",Sistémico,Existente,"Ingreso: $350,000","Implementa la hiperpersonalización de contenidos para crear experiencias únicas y relevantes para cada cliente, aumentando la lealtad del cliente y mejorando significativamente las tasas de conversión y satisfacción del cliente."
58,Marketing,Coach para el cliente – canal digital,Plataforma 360° de Inteligencia de Cliente y Crecimiento,Atención al Cliente,"coach, cliente, canal digital, soporte",Sistémico,Existente,"Ingreso: $180,000","Introduzca un coach digital personalizado para guiar a los clientes a través de sus consultas y necesidades logísticas, mejorando significativamente la satisfacción del cliente e incrementando las conversiones a través de nuestros canales en línea."
59,Marketing,Monitoreo de red / alertas preventivas,Torre de Control y Logística Predictiva (Gemelo Digital),Control y Monitoreo,"monitoreo, red, alertas, preventivas, infraestructura",Sistémico,Existente,"Ahorro: $250,000","Implementa un sistema de monitoreo inteligente de la red que emite alertas preventivas para anticipar y resolver problemas de infraestructura, garantizando una operación continua y una experiencia superior para nuestros clientes, lo que fortalecerá la fidelización y mejorará la reputación de la marca."
60,Marketing,Coach para prospectos,Plataforma 360° de Inteligencia de Cliente y Crecimiento,Ventas y Prospección,"coach, prospectos, ventas, comercial",Sistémico,Existente,"Ingreso: $200,000","Implementa un coach de IA para identificar y guiar prospectos de ventas, afinando las estrategias comerciales y elevando la tasa de conversión de leads, lo cual impulsará el crecimiento de ingresos y la eficiencia del equipo de marketing."
61,Marketing,Agente gestión de red,Torre de Control y Logística Predictiva (Gemelo Digital),Gestión de Red,"agente, gestión, red, sucursales",Sistémico,Existente,"Ahorro: $140,000","Implementa un agente de IA para la gestión de red de sucursales, potenciando la capacidad de análisis de datos y personalización de estrategias de marketing, lo que permitirá un mejor enfoque en la captación y retención de clientes, aumentando así los ingresos."
62,Marketing,Asistente planificador de ruta según criterios específicos,,Gestión de Red,"asistente, planificador, ruta, criterios, sucursales",Táctico / Bajo Alineamiento,Existente,"Ahorro: $60,000","Desarrolla un asistente impulsado por IA que planifica rutas según criterios específicos, mejorando la precisión en la asignación de sucursales y optimizando la experiencia del cliente. Esta iniciativa permitirá una segmentación de mercado más eficiente y aumentará la satisfacción del cliente al reducir errores en la entrega."
63,Marketing,Monitoreo comportamiento sucursales,Torre de Control y Logística Predictiva (Gemelo Digital),Reporting y Paneles,"monitoreo, comportamiento, sucursales, reporting",Sistémico,Existente,"Ingreso: $130,000","Implementa un sistema de monitoreo de comportamiento en sucursales para identificar patrones y tendencias de servicio, permitiendo tomar decisiones informadas y personalizar estrategias de marketing, mejorando así la satisfacción del cliente y optimizando el rendimiento de cada punto de venta."
64,Marketing,Agente Validador de cuadraturas en liquidaciones,Centro de Automatización Inteligente (Back-Office Eficiente),Finanzas y Contabilidad,"validador, cuadraturas, liquidaciones, automatización",Sistémico,Existente,"Ahorro: $110,000","Automatiza la validación de cuadraturas en liquidaciones para garantizar la precisión de los informes financieros, reduciendo errores manuales y mejorando la eficiencia del equipo de marketing en la toma de decisiones estratégicas."
65,Marketing,Automatización de permisología para apertura de sucursales,Centro de Automatización Inteligente (Back-Office Eficiente),Procesos Administrativos,"automatización, permisología, apertura, sucursales",Sistémico,Existente,"Ahorro: $90,000","Automatiza el proceso de obtención de permisos para la apertura de nuevas sucursales, acelerando significativamente el tiempo de lanzamiento al mercado y mejorando la capacidad de expansión de la empresa."
66,Marketing,Agente optimizador de cobertura territorial,Torre de Control y Logística Predictiva (Gemelo Digital),Gestión de Red,"agente, optimizador, cobertura, territorial, expansión",Individual,Existente,"Ingreso: $300,000","Implementa un agente de IA que optimiza la cobertura territorial para identificar áreas de expansión y mejorar la presencia de marca, proporcionando insights precisos que guían las estrategias de marketing y maximizan el retorno sobre la inversión."
67,Marketing,Monetizar productos de IA para emprendedores,Innovación y Desarrollo de Nuevos Negocios Digitales,Nuevos Productos/Servicios,"monetizar, productos IA, emprendedores, innovación",Individual,Existente,"Ingreso: $1,000,000","Desarrolla y comercializa soluciones de inteligencia artificial accesibles para emprendedores, generando nuevas fuentes de ingresos y posicionando a Chilexpress como líder innovador en el mercado. Esta iniciativa no solo aborda las necesidades emergentes de los pequeños negocios, sino que también fortalece nuestra ventaja competitiva y amplía nuestra base de clientes."
68,Marketing,MetaHumano,Innovación y Desarrollo de Nuevos Negocios Digitales,Nuevos Productos/Servicios,"metahumano, innovación, avatar",Sistémico,Existente,"Ingreso: $500,000","Desarrolla avatares digitales hiperrealistas para interactuar con clientes en plataformas virtuales, personalizando la experiencia de usuario y potenciando el engagement de marca, lo que resultará en una mayor fidelización y retención de clientes."
69,Marketing,Asistente de diseño de productos con IA,Innovación y Desarrollo de Nuevos Negocios Digitales,Nuevos Productos/Servicios,"asistente, diseño, productos, IA, innovación",Sistémico,Existente,"Ingreso: $300,000","Implementa un asistente de diseño de productos impulsado por IA para crear campañas de marketing más efectivas y personalizadas, mejorando la satisfacción del cliente y acelerando la innovación en el desarrollo de nuevos productos. Esta herramienta permitirá identificar y capitalizar tendencias emergentes, fortaleciendo la posición competitiva de Chilexpress en el mercado."
70,Comercial,Asistente continuo de desempeño del equipo comercial,Asistente Corporativo IA para el Talento y Desempeño,Capacitación y Desempeño,"asistente, desempeño, equipo comercial, feedback",Sistémico,Existente,"Ingreso: $190,000","Implementa un asistente de IA que proporciona feedback continuo y personalizado al equipo comercial, potenciando su rendimiento y adaptación a las metas del negocio, y mejorando la eficiencia en la captación y retención de clientes."
71,Comercial,Asistente de análisis de revenue,Plataforma 360° de Inteligencia de Cliente y Crecimiento,Reporting y Paneles,"asistente, análisis, revenue, reporting, finanzas",Sistémico,Existente,"Ingreso: $210,000","Implementa un asistente de análisis de revenue impulsado por IA que brinda reportes y perspectivas precisas en tiempo real, mejorando la toma de decisiones estratégicas y maximizando el rendimiento financiero de la empresa. Esto permitirá a la gerencia comercial identificar rápidamente oportunidades de crecimiento y ajustar estrategias para optimizar los ingresos."
72,Comercial,Gestión de fuga,Plataforma 360° de Inteligencia de Cliente y Crecimiento,Fidelización y Churn,"gestión, fuga, retención, churn, cliente",Sistémico,Existente,"Ahorro: $280,000","Implementa inteligencia artificial para identificar y predecir la fuga de clientes, permitiendo ejecutar acciones de retención personalizadas y eficaces, lo que se traducirá en una mejora significativa en la fidelización y el crecimiento de ingresos."
73,Comercial,Gestión de prospectos,Plataforma 360° de Inteligencia de Cliente y Crecimiento,Ventas y Prospección,"gestión, prospectos, ventas, comercial, CRM",Sistémico,Existente,"Ingreso: $320,000","Implementa una solución de IA para la gestión de prospectos que optimiza la identificación y seguimiento de oportunidades de ventas, aumentando la conversión de clientes y mejorando la eficiencia del equipo comercial, generando un impacto directo en los ingresos y la satisfacción del cliente."
74,Comercial,Emilia Empresas,Plataforma 360° de Inteligencia de Cliente y Crecimiento,Atención al Cliente,"Emilia, empresas, chatbot, asistente virtual",Sistémico,Existente,"Ahorro: $250,000","Implementa el asistente virtual ""Emilia Empresas"" para mejorar la atención y soporte a clientes empresariales, incrementando la satisfacción del cliente y facilitando procesos de ventas, lo cual impulsará el crecimiento de la cartera de clientes y la eficiencia del equipo comercial."
75,Comercial,Gestión de retiros,Plataforma 360° de Inteligencia de Cliente y Crecimiento,Atención al Cliente,"gestión, retiros, cliente, soporte",Sistémico,Existente,"Ahorro: $120,000","Implementa un sistema de IA para gestionar eficientemente los retiros de productos, mejorando la experiencia del cliente y reduciendo tiempos de respuesta, lo que resultará en una mayor satisfacción y lealtad del cliente."
76,Comercial,Voz del cliente,Plataforma 360° de Inteligencia de Cliente y Crecimiento,Atención al Cliente,"voz del cliente, feedback, satisfacción, comercial",Sistémico,Existente,"Ingreso: $90,000","Implementa un sistema de IA para analizar y procesar el feedback de los clientes en tiempo real, permitiendo identificar oportunidades de mejora y personalizar ofertas. Esto incrementará la satisfacción del cliente y potenciará las ventas al alinear mejor los servicios con las necesidades de los clientes."
77,Comercial,Emilia Personas 2.0,Plataforma 360° de Inteligencia de Cliente y Crecimiento,Atención al Cliente,"Emilia, personas, 2.0, chatbot, asistente virtual",Sistémico,Existente,"Ahorro: $200,000","Implementa un asistente virtual avanzado para mejorar la atención al cliente y la retención a través de interacciones personalizadas y eficientes, potenciando la satisfacción del cliente y promoviendo ventas recurrentes."
78,Comercial,Gestión de pagos para envíos internacionales,Centro de Automatización Inteligente (Back-Office Eficiente),Pagos,"gestión, pagos, envíos internacionales, finanzas",Sistémico,Existente,"Ingreso: $150,000","Automatiza la gestión de pagos para envíos internacionales, mejorando la precisión y reduciendo los tiempos de procesamiento, lo que incrementa la satisfacción del cliente y optimiza el flujo de caja."
79,Comercial,Coach de atención comercial,Asistente Corporativo IA para el Talento y Desempeño,Capacitación y Desempeño,"coach, atención comercial, capacitación, equipo",Sistémico,Existente,"Ingreso: $180,000","Implementa un coach de IA para capacitar y guiar al equipo de atención comercial en tiempo real, mejorando la calidad del servicio al cliente y aumentando las tasas de conversión gracias a una asesoría personalizada y constante."
80,Comercial,Asistente para forecasting de ventas,Plataforma 360° de Inteligencia de Cliente y Crecimiento,Análisis Predictivo,"asistente, forecasting, ventas, predicción",Sistémico,Existente,"Ingreso: $280,000","El Asistente para forecasting de ventas emplea IA avanzada para predecir con precisión la demanda futura, permitiendo una planificación más eficiente y una toma de decisiones informada, lo cual incrementa la efectividad comercial y optimiza los niveles de inventario."
81,Comercial,Asistente de control operacional,Torre de Control y Logística Predictiva (Gemelo Digital),Control y Monitoreo,"asistente, control operacional, comercial, monitoreo",Sistémico,Existente,"Ahorro: $170,000","Implementación de un Asistente de Control Operacional impulsado por IA que monitorea y optimiza el rendimiento comercial en tiempo real, mejorando la toma de decisiones y la eficiencia en la gestión de recursos, haciendo crecer la satisfacción del cliente y las ventas."
82,Comercial,Gestión de reclamos SERNAC,Plataforma 360° de Inteligencia de Cliente y Crecimiento,Atención al Cliente,"gestión, reclamos, SERNAC, legal, cliente",Sistémico,Existente,"Ahorro: $130,000","Implementa una solución de IA para gestionar y resolver reclamos del SERNAC de manera más eficiente y precisa, minimizando el riesgo legal y mejorando la satisfacción del cliente. Esta iniciativa no solo reducirá el tiempo de resolución de conflictos, sino que también fortalecerá la reputación de la empresa en el cumplimiento normativo."
83,Comercial,Gestión de contactabilidad con el cliente,Plataforma 360° de Inteligencia de Cliente y Crecimiento,Atención al Cliente,"gestión, contactibilidad, cliente, comunicación",Sistémico,Existente,"Ahorro: $100,000","Implementa un sistema de IA que optimice la gestión de contactabilidad con el cliente, mejorando la personalización y la eficiencia de las comunicaciones, lo que resultará en una mayor satisfacción del cliente y potenciales incrementos en la retención y fidelización."
84,Finanzas,Control de caja en oficina (proactividad del control cajas ),Centro de Automatización Inteligente (Back-Office Eficiente),Finanzas y Contabilidad,"control, caja, oficina, proactividad, finanzas",Sistémico,Existente,"Ahorro: $150,000","Implementa un sistema proactivo de control de caja en oficina utilizando IA para prevenir discrepancias financieras y mejorar la eficiencia del flujo de caja, impulsando prácticas financieras más transparentes y precisas."
85,Finanzas,Automatización o predicción del flujo de caja (plan de ventas),Centro de Automatización Inteligente (Back-Office Eficiente),Finanzas y Contabilidad,"automatización, predicción, flujo de caja, plan de ventas",Sistémico,Existente,"Ahorro: $200,000","Implementa IA para automatizar y predecir el flujo de caja basado en el plan de ventas, mejorando la precisión en la planificación financiera y optimizando la disponibilidad de recursos, lo que permite tomar decisiones estratégicas más informadas y oportunas."
86,Finanzas,Automatización de procesos SAP,Centro de Automatización Inteligente (Back-Office Eficiente),Finanzas y Contabilidad,"automatización, procesos, SAP, ERP",Individual,Existente,"Ahorro: $400,000","Implementa la automatización de procesos en SAP para optimizar las operaciones financieras, reduciendo errores manuales y tiempos de procesamiento. Esta iniciativa mejorará la precisión en la gestión de recursos y permitirá un análisis financiero más ágil y robusto."
87,Finanzas,Automatización de la depuración de la base de proveedores,Centro de Automatización Inteligente (Back-Office Eficiente),Finanzas y Contabilidad,"automatización, depuración, base de proveedores, finanzas",Sistémico,Existente,"Ahorro: $120,000","Implementa un sistema automatizado de depuración de la base de proveedores para mejorar la precisión de la información y reducir el riesgo de fraude, optimizando así la gestión financiera y permitiendo una toma de decisiones más eficiente y confiable."
88,Finanzas,Automatización de conciliaciones bancarias,Centro de Automatización Inteligente (Back-Office Eficiente),Finanzas y Contabilidad,"automatización, conciliaciones bancarias, finanzas",Sistémico,Existente,"Ahorro: $180,000","Implementa la automatización de conciliaciones bancarias para reducir el tiempo y errores humanos asociados, mejorando la precisión y eficiencia de los procesos financieros, y permitiendo al equipo de finanzas enfocarse en actividades estratégicas de mayor valor."
89,Finanzas," automatización del ingreso de las facturas recibidas",Centro de Automatización Inteligente (Back-Office Eficiente),Finanzas y Contabilidad,"automatización, ingreso, facturas, recibidas, AP",Sistémico,Existente,"Ahorro: $220,000","Implementa la automatización del ingreso de las facturas recibidas para reducir errores manuales y acelerar los ciclos de pago, mejorando la eficiencia operativa y liberando al personal para tareas de mayor valor agregado."
90,Finanzas,CRM – SAP para pagos de indemnizaciones,Centro de Automatización Inteligente (Back-Office Eficiente),Finanzas y Contabilidad,"CRM, SAP, pagos, indemnizaciones, integración",Sistémico,Existente,"Ahorro: $90,000","Implementación de un sistema CRM – SAP para gestionar y automatizar los pagos de indemnizaciones, mejorando la precisión y rapidez en los procesos financieros e incrementando la satisfacción del cliente mediante una integración eficiente y fluida."
91,Finanzas,Automatización de aumento de crédito,Centro de Automatización Inteligente (Back-Office Eficiente),Finanzas y Contabilidad,"automatización, aumento, crédito, clientes, finanzas",Sistémico,Existente,"Ingreso: $130,000","Implementa un sistema automatizado para gestionar aumentos de crédito a clientes basado en análisis de comportamiento y riesgo, agilizando el proceso de aprobación y mejorando la satisfacción del cliente, mientras se minimiza el riesgo financiero y se optimiza el uso del capital."
92,Finanzas,Control del descuento aplicado a clientes – Carga de listas de precios,Plataforma 360° de Inteligencia de Cliente y Crecimiento,Pricing,"control, descuento, clientes, carga, listas de precios",Sistémico,Existente,"Ahorro: $160,000","Implementa un sistema de IA para el control automatizado de descuentos y la carga precisa de listas de precios, asegurando coherencia en las tarifas aplicadas y mejorando la gestión financiera. Esto reduce errores humanos y permite un control más efectivo sobre las políticas de precios y descuentos ofrecidos a los clientes."
93,Finanzas,Panel de cuentas contables,Centro de Automatización Inteligente (Back-Office Eficiente),Reporting y Paneles,"panel, cuentas contables, finanzas, reporting",Sistémico,Existente,"Ahorro: $80,000","Desarrolla un panel de cuentas contables impulsado por IA para ofrecer reportes financieros en tiempo real, facilitando la toma de decisiones estratégicas y mejorando la precisión en la gestión contable. Esta herramienta permitirá una visibilidad y control superiores sobre los flujos financieros, impactando positivamente en la eficiencia operativa y la planificación fiscal."
94,Finanzas,"Saldo, cargos, abonos, control y notificación a eventos.",Centro de Automatización Inteligente (Back-Office Eficiente),Reporting y Paneles,"saldo, cargos, abonos, control, notificación, eventos, finanzas",Sistémico,Existente,"Ahorro: $110,000","Automatiza el control de saldos, cargos y abonos, notificando en tiempo real cualquier evento financiero relevante. Esto permitirá mejorar la precisión contable, reducir errores y optimizar la gestión de los recursos financieros."
95,Gobierno,Creación de Plataforma de Datos Unificada (Data Lakehouse),Torre de Control y Logística Predictiva (Gemelo Digital),Gobierno de Datos,"data lakehouse, plataforma de datos, single source of truth, gobierno",Habilitador,Propuesto,"Ahorro: $500,000","Desarrolla una Plataforma de Datos Unificada (Data Lakehouse) que centraliza y organiza todos los datos operativos de la empresa, facilitando la toma de decisiones estratégicas basadas en una única fuente de verdad y mejorando la eficiencia en el manejo de información para toda la organización."
96,Gobierno,Creación de Plataforma de Datos Unificada (Data Lakehouse),Plataforma 360° de Inteligencia de Cliente y Crecimiento,Gobierno de Datos,"data lakehouse, plataforma de datos, single source of truth, gobierno",Habilitador,Propuesto,"Ahorro: $500,000","Desarrollar una Plataforma de Datos Unificada (Data Lakehouse) permite consolidar todas las fuentes de información en un único repositorio confiable, mejorando la toma de decisiones basadas en datos precisos y reduciendo los silos de información en la organización. Esto resultará en una mayor transparencia y eficiencia operativa, alineando los datos con los objetivos estratégicos de Gobierno."
97,Operaciones,Implementación del Gemelo Digital Operacional,Torre de Control y Logística Predictiva (Gemelo Digital),Gemelo Digital,"gemelo digital, simulación, optimización, tiempo real, torre de control",Sistémico,Propuesto,"Ahorro: $1,200,000","Implementa el Gemelo Digital Operacional para simular y optimizar procesos logísticos en tiempo real, mejorando la toma de decisiones y aumentando la eficiencia y capacidad de respuesta de la torre de control. Esto permitirá una gestión proactiva y precisa, reduciendo costos operativos y mejorando el nivel de servicio al cliente."
98,Comercial,Motor de Recomendación y Siguiente Mejor Oferta (NBO),Plataforma 360° de Inteligencia de Cliente y Crecimiento,Personalización,"motor de recomendación, NBO, venta cruzada, up-selling",Sistémico,Propuesto,"Ingreso: $750,000","Implementa un motor de recomendación y NBO para impulsar la venta cruzada y el up-selling, personalizando las ofertas para cada cliente en función de su historial y comportamiento de compra. Esto mejorará la experiencia del cliente y aumentará los ingresos al maximizar el valor de cada interacción comercial."
99,Personas,Plataforma de Aprendizaje Adaptativo y Plan de Carrera,Asistente Corporativo IA para el Talento y Desempeño,Capacitación y Desempeño,"aprendizaje adaptativo, e-learning, plan de carrera, skills",Sistémico,Propuesto,"Ahorro: $250,000","Desarrolla una plataforma de aprendizaje adaptativo que personaliza el contenido educativo según las necesidades de cada empleado y un plan de carrera estructurado, lo que aumentará la retención de talento y la capacidad de la fuerza laboral para adaptarse a nuevas demandas del mercado."
100,Finanzas,Procesamiento Inteligente de Documentos (IDP),Centro de Automatización Inteligente (Back-Office Eficiente),Finanzas y Contabilidad,"IDP, procesamiento de documentos, facturas, contratos, OCR",Sistémico,Propuesto,"Ahorro: $350,000","Implementa el Procesamiento Inteligente de Documentos (IDP) para automatizar la captura y gestión de facturas y contratos mediante OCR, reduciendo errores manuales y tiempos de procesamiento, lo que mejora la eficiencia operativa y permite una mejor toma de decisiones financieras."
101,Marketing,Logística como Servicio (LaaS) para E-commerce,Innovación y Desarrollo de Nuevos Negocios Digitales,Nuevos Productos/Servicios,"LaaS, e-commerce, fulfillment, logística para terceros",Individual,Propuesto,"Ingreso: $2,000,000","Implementa un modelo de Logística como Servicio (LaaS) para e-commerce, ofreciendo soluciones de fulfillment y distribución a terceros, lo que incrementará nuestras fuentes de ingresos al atraer a más clientes y fortalecerá nuestra posición de mercado."